precision recall,rmse
0.4,0.32299999999999995
0.8571428571428571,0.32299999999999995
